INSERT INTO "MESSAGE" (MESSAGE_ID, MESSAGE) VALUES ( 1, 'Hi' );
INSERT INTO "MESSAGE" (MESSAGE_ID, MESSAGE) VALUES ( 2, 'Hello' );
INSERT INTO "MESSAGE" (MESSAGE_ID, MESSAGE) VALUES ( 3, 'Good morning!' );
INSERT INTO "MESSAGE" (MESSAGE_ID, MESSAGE) VALUES ( 4, 'Thanks, bye!' );
INSERT INTO "MESSAGE" (MESSAGE_ID, MESSAGE) VALUES ( 5, 'Goodbye!' );
INSERT INTO "MESSAGE" (MESSAGE_ID, MESSAGE) VALUES ( 6, 'See you' );
INSERT INTO "MESSAGE" (MESSAGE_ID, MESSAGE) VALUES ( 7, 'Yeah' );
INSERT INTO "MESSAGE" (MESSAGE_ID, MESSAGE) VALUES ( 8, 'yep' );
INSERT INTO "MESSAGE" (MESSAGE_ID, MESSAGE) VALUES ( 9, 'yes, please' );
INSERT INTO "MESSAGE" (MESSAGE_ID, MESSAGE) VALUES ( 10, 'No thanks!' );
INSERT INTO "MESSAGE" (MESSAGE_ID, MESSAGE) VALUES ( 11, 'nope' );
INSERT INTO "MESSAGE" (MESSAGE_ID, MESSAGE) VALUES ( 12, 'please don''t' );
INSERT INTO "MESSAGE" (MESSAGE_ID, MESSAGE) VALUES ( 13, 'Brilliant! Thanks!' );
INSERT INTO "MESSAGE" (MESSAGE_ID, MESSAGE) VALUES ( 14, 'thx' );
INSERT INTO "MESSAGE" (MESSAGE_ID, MESSAGE) VALUES ( 15, 'thank you' );
INSERT INTO "MESSAGE" (MESSAGE_ID, MESSAGE) VALUES ( 16, 'Are u human?' );
INSERT INTO "MESSAGE" (MESSAGE_ID, MESSAGE) VALUES ( 17, 'Are you a bot?' );
INSERT INTO "MESSAGE" (MESSAGE_ID, MESSAGE) VALUES ( 18, 'Is this a robot?' );
INSERT INTO "MESSAGE" (MESSAGE_ID, MESSAGE) VALUES ( 19, 'Can I talk to a human?' );
INSERT INTO "MESSAGE" (MESSAGE_ID, MESSAGE) VALUES ( 20, 'I want to speak to an agent.' );
INSERT INTO "MESSAGE" (MESSAGE_ID, MESSAGE) VALUES ( 21, 'transfer to a human' );
INSERT INTO "MESSAGE" (MESSAGE_ID, MESSAGE) VALUES ( 22, 'I can''t sign in' );
INSERT INTO "MESSAGE" (MESSAGE_ID, MESSAGE) VALUES ( 23, 'The login is giving me an error.' );
INSERT INTO "MESSAGE" (MESSAGE_ID, MESSAGE) VALUES ( 24, 'Can you help me change my password, can''t log in!' );
INSERT INTO "MESSAGE" (MESSAGE_ID, MESSAGE) VALUES ( 25, 'Where do I open a new account?' );
INSERT INTO "MESSAGE" (MESSAGE_ID, MESSAGE) VALUES ( 26, 'how to start an account' );
INSERT INTO "MESSAGE" (MESSAGE_ID, MESSAGE) VALUES ( 27, 'i need help creating an account' );

INSERT INTO "REPLY" (REPLY_ID, REPLY_MESSAGE) VALUES ( 1, 'Hello :) How can I help you?' );
INSERT INTO "REPLY" (REPLY_ID, REPLY_MESSAGE) VALUES ( 2, 'Goodbye, have a nice day!' );
INSERT INTO "REPLY" (REPLY_ID, REPLY_MESSAGE) VALUES ( 3, 'Great!' );
INSERT INTO "REPLY" (REPLY_ID, REPLY_MESSAGE) VALUES ( 4, 'Alright, please let me know if I can help you with anything else!' );
INSERT INTO "REPLY" (REPLY_ID, REPLY_MESSAGE) VALUES ( 5, 'It was a pleasure to be of help :)' );
INSERT INTO "REPLY" (REPLY_ID, REPLY_MESSAGE) VALUES ( 6, 'I''m an AI bot, and I''m here to help you with your questions.' );
INSERT INTO "REPLY" (REPLY_ID, REPLY_MESSAGE) VALUES ( 7, 'Let me transfer you to the first available agent.' );
INSERT INTO "REPLY" (REPLY_ID, REPLY_MESSAGE) VALUES ( 8, 'Oh no! Please give me your email and I will fix it.' );
INSERT INTO "REPLY" (REPLY_ID, REPLY_MESSAGE) VALUES ( 9, 'Please follow these instructions \"LINK\" to open a new account.' );
INSERT INTO "INTENT" (INTENT_ID, REPLY_ID, NAME) VALUES ( 2, 2, 'Goodbye' );
INSERT INTO "INTENT" (INTENT_ID, REPLY_ID, NAME) VALUES ( 1, 1, 'Greeting' );
INSERT INTO "INTENT" (INTENT_ID, REPLY_ID, NAME) VALUES ( 3, 3, 'Affermative' );
INSERT INTO "INTENT" (INTENT_ID, REPLY_ID, NAME) VALUES ( 4, 4, 'Negative' );
INSERT INTO "INTENT" (INTENT_ID, REPLY_ID, NAME) VALUES ( 5, 5, 'Thank you' );
INSERT INTO "INTENT" (INTENT_ID, REPLY_ID, NAME) VALUES ( 6, 6, 'Are you a bot?' );
INSERT INTO "INTENT" (INTENT_ID, REPLY_ID, NAME) VALUES ( 7, 7, 'I want to speak with a human' );
INSERT INTO "INTENT" (INTENT_ID, REPLY_ID, NAME) VALUES ( 8, 8, 'Login Problems' );
INSERT INTO "INTENT" (INTENT_ID, REPLY_ID, NAME) VALUES ( 9, 9, 'Open or close account' );

INSERT INTO "INTENT_MESSAGE" (INTENT_MESSAGE_ID, MESSAGE_ID, INTENT_ID, CONFIDENCE)
VALUES ( 1 ,2, 1, 1.0 );
INSERT INTO "INTENT_MESSAGE" (INTENT_MESSAGE_ID, MESSAGE_ID, INTENT_ID, CONFIDENCE)
VALUES ( 2 ,3, 1, 1.0 );

INSERT INTO "INTENT_MESSAGE" (INTENT_MESSAGE_ID, MESSAGE_ID, INTENT_ID, CONFIDENCE)
VALUES ( 3 ,1, 1, 1.0 );


INSERT INTO "INTENT_MESSAGE" (INTENT_MESSAGE_ID, MESSAGE_ID, INTENT_ID, CONFIDENCE)
VALUES ( 4 ,4, 2, 1.0 );
INSERT INTO "INTENT_MESSAGE" (INTENT_MESSAGE_ID, MESSAGE_ID, INTENT_ID, CONFIDENCE)
VALUES ( 5 ,5, 2, 1.0 );

INSERT INTO "INTENT_MESSAGE" (INTENT_MESSAGE_ID, MESSAGE_ID, INTENT_ID, CONFIDENCE)
VALUES ( 6 ,6, 2, 1.0 );

INSERT INTO "INTENT_MESSAGE" (INTENT_MESSAGE_ID, MESSAGE_ID, INTENT_ID, CONFIDENCE)
VALUES ( 7 ,7, 3, 1.0 );
INSERT INTO "INTENT_MESSAGE" (INTENT_MESSAGE_ID, MESSAGE_ID, INTENT_ID, CONFIDENCE)
VALUES ( 8 ,8, 3, 1.0 );

INSERT INTO "INTENT_MESSAGE" (INTENT_MESSAGE_ID, MESSAGE_ID, INTENT_ID, CONFIDENCE)
VALUES ( 9 ,9, 3, 1.0 );

INSERT INTO "INTENT_MESSAGE" (INTENT_MESSAGE_ID, MESSAGE_ID, INTENT_ID, CONFIDENCE)
VALUES ( 10 ,10, 4, 1.0 );
INSERT INTO "INTENT_MESSAGE" (INTENT_MESSAGE_ID, MESSAGE_ID, INTENT_ID, CONFIDENCE)
VALUES ( 11 ,11, 4, 1.0 );

INSERT INTO "INTENT_MESSAGE" (INTENT_MESSAGE_ID, MESSAGE_ID, INTENT_ID, CONFIDENCE)
VALUES ( 12 ,12, 4, 1.0 );
INSERT INTO "INTENT_MESSAGE" (INTENT_MESSAGE_ID, MESSAGE_ID, INTENT_ID, CONFIDENCE)
VALUES ( 13 ,13, 5, 1.0 );
INSERT INTO "INTENT_MESSAGE" (INTENT_MESSAGE_ID, MESSAGE_ID, INTENT_ID, CONFIDENCE)
VALUES ( 14 ,14, 5, 1.0 );

INSERT INTO "INTENT_MESSAGE" (INTENT_MESSAGE_ID, MESSAGE_ID, INTENT_ID, CONFIDENCE)
VALUES ( 15 ,15, 5, 1.0 );
INSERT INTO "INTENT_MESSAGE" (INTENT_MESSAGE_ID, MESSAGE_ID, INTENT_ID, CONFIDENCE)
VALUES ( 16 ,16, 6, 1.0 );
INSERT INTO "INTENT_MESSAGE" (INTENT_MESSAGE_ID, MESSAGE_ID, INTENT_ID, CONFIDENCE)
VALUES ( 17 ,17, 6, 1.0 );

INSERT INTO "INTENT_MESSAGE" (INTENT_MESSAGE_ID, MESSAGE_ID, INTENT_ID, CONFIDENCE)
VALUES ( 18 ,18, 6, 1.0 );
INSERT INTO "INTENT_MESSAGE" (INTENT_MESSAGE_ID, MESSAGE_ID, INTENT_ID, CONFIDENCE)
VALUES ( 19 ,19, 7, 1.0 );
INSERT INTO "INTENT_MESSAGE" (INTENT_MESSAGE_ID, MESSAGE_ID, INTENT_ID, CONFIDENCE)
VALUES ( 20 ,20, 7, 1.0 );

INSERT INTO "INTENT_MESSAGE" (INTENT_MESSAGE_ID, MESSAGE_ID, INTENT_ID, CONFIDENCE)
VALUES ( 21 ,21, 7, 1.0 );
INSERT INTO "INTENT_MESSAGE" (INTENT_MESSAGE_ID, MESSAGE_ID, INTENT_ID, CONFIDENCE)
VALUES ( 22 ,22, 8, 1.0 );
INSERT INTO "INTENT_MESSAGE" (INTENT_MESSAGE_ID, MESSAGE_ID, INTENT_ID, CONFIDENCE)
VALUES ( 23 ,23, 8, 1.0 );

INSERT INTO "INTENT_MESSAGE" (INTENT_MESSAGE_ID, MESSAGE_ID, INTENT_ID, CONFIDENCE)
VALUES ( 24 ,24, 8, 1.0 );
INSERT INTO "INTENT_MESSAGE" (INTENT_MESSAGE_ID, MESSAGE_ID, INTENT_ID, CONFIDENCE)
VALUES ( 25 ,25, 9, 1.0 );
INSERT INTO "INTENT_MESSAGE" (INTENT_MESSAGE_ID, MESSAGE_ID, INTENT_ID, CONFIDENCE)
VALUES ( 26 ,26, 9, 1.0 );

INSERT INTO "INTENT_MESSAGE" (INTENT_MESSAGE_ID, MESSAGE_ID, INTENT_ID, CONFIDENCE)
VALUES ( 27 ,27, 9, 1.0 );



